{"cameraMode":{"drawMode":0,"name":"Shaded","section":"Shading Mode"},"sceneLighting":true,"audioPlay":false,"sceneViewState":{"showFog":true,"showMaterialUpdate":false,"showSkybox":true,"showFlares":true,"showImageEffects":true,"showParticleSystems":true},"in2DMode":false,"pivot":{"x":-0.12147010862827301,"y":0.8287461996078491,"z":0.7378261089324951},"rotation":{"x":0.27395111322402956,"y":0.011739524081349373,"z":-0.0033455314114689829,"w":0.9616661667823792},"size":1.7647678852081299,"orthographic":false}