{"cameraMode":{"drawMode":0,"name":"Shaded","section":"Shading Mode"},"sceneLighting":true,"audioPlay":false,"sceneViewState":{"showFog":true,"showMaterialUpdate":false,"showSkybox":true,"showFlares":true,"showImageEffects":true,"showParticleSystems":true},"in2DMode":false,"pivot":{"x":0.9814586639404297,"y":11.583815574645996,"z":-126.88868713378906},"rotation":{"x":-0.0003984429931733757,"y":-0.9993748664855957,"z":-0.011989865452051163,"w":0.03325666859745979},"size":125.57703399658203,"orthographic":false}