{"cameraMode":{"drawMode":0,"name":"Shaded","section":"Shading Mode"},"sceneLighting":true,"audioPlay":false,"sceneViewState":{"showFog":true,"showMaterialUpdate":false,"showSkybox":true,"showFlares":true,"showImageEffects":true,"showParticleSystems":true},"in2DMode":false,"pivot":{"x":-0.16047728061676026,"y":1.062947392463684,"z":-0.39012980461120608},"rotation":{"x":-0.30980125069618227,"y":0.011773727834224701,"z":-0.00383610837161541,"w":-0.9507207274436951},"size":1.0122449398040772,"orthographic":false}