{"cameraMode":{"drawMode":0,"name":"Shaded","section":"Shading Mode"},"sceneLighting":true,"audioPlay":false,"sceneViewState":{"showFog":true,"showMaterialUpdate":false,"showSkybox":true,"showFlares":true,"showImageEffects":true,"showParticleSystems":true},"in2DMode":false,"pivot":{"x":-0.3588145077228546,"y":1.0210269689559937,"z":0.7649957537651062},"rotation":{"x":0.6771776080131531,"y":0.010317742824554444,"z":-0.009498190134763718,"w":0.7356860637664795},"size":1.6515040397644044,"orthographic":false}