{"cameraMode":{"drawMode":0,"name":"Shaded","section":"Shading Mode"},"sceneLighting":true,"audioPlay":false,"sceneViewState":{"showFog":true,"showMaterialUpdate":false,"showSkybox":true,"showFlares":true,"showImageEffects":true,"showParticleSystems":true},"in2DMode":false,"pivot":{"x":-0.03482161462306976,"y":0.8977720737457275,"z":1.5974774360656739},"rotation":{"x":-0.3182555139064789,"y":-0.025228669866919519,"z":0.008473329246044159,"w":-0.9476313591003418},"size":1.7065067291259766,"orthographic":false}