{"cameraMode":{"drawMode":0,"name":"Shaded","section":"Shading Mode"},"sceneLighting":true,"audioPlay":false,"sceneViewState":{"showFog":true,"showMaterialUpdate":false,"showSkybox":true,"showFlares":true,"showImageEffects":true,"showParticleSystems":true},"in2DMode":false,"pivot":{"x":-0.7522188425064087,"y":-0.034931063652038577,"z":-0.3828340172767639},"rotation":{"x":0.10380502790212631,"y":-0.8432130217552185,"z":0.17603623867034913,"w":0.497219979763031},"size":2.416818618774414,"orthographic":false}