{"cameraMode":{"drawMode":0,"name":"Shaded","section":"Shading Mode"},"sceneLighting":true,"audioPlay":false,"sceneViewState":{"showFog":true,"showMaterialUpdate":false,"showSkybox":true,"showFlares":true,"showImageEffects":true,"showParticleSystems":true},"in2DMode":false,"pivot":{"x":-0.09977668523788452,"y":0.7999435663223267,"z":-1.1022932529449463},"rotation":{"x":0.26464471220970156,"y":0.20827573537826539,"z":-0.058652590960264209,"w":0.9397575855255127},"size":1.2902894020080567,"orthographic":false}