{"cameraMode":{"drawMode":0,"name":"Shaded","section":"Shading Mode"},"sceneLighting":true,"audioPlay":false,"sceneViewState":{"showFog":true,"showMaterialUpdate":false,"showSkybox":true,"showFlares":true,"showImageEffects":true,"showParticleSystems":true},"in2DMode":false,"pivot":{"x":-0.5580134391784668,"y":0.3014591932296753,"z":0.6657191514968872},"rotation":{"x":-0.12001834064722061,"y":0.7556865215301514,"z":-0.1445569097995758,"w":-0.6274048686027527},"size":3.1122446060180666,"orthographic":false}